{
  "AWSVPCB": {
    "Instances": [
      {
        "InstanceName": "IIS1",
        "InstanceIP": "172.31.128.98",
        "InstanceSubnet": "WEB",
        "InstanceAMI": "ami-07cc6e23a23afc3b5",
        "InstanceSecGroup": "WEB",
        "InstanceType": "t3.small",
        "InstanceUserDataFile": "assignment6/awsvpcb.assignment6.userdata"
      },
      {
        "InstanceName": "LINUX1",
        "InstanceIP": "172.31.128.43",
        "InstanceSubnet": "WEB",
        "InstanceAMI": "ami-0fa95b5266c27940c",
        "InstanceSecGroup": "WEB",
        "InstanceType": "t2.micro"
      },
      {
        "InstanceName": "MSSQL",
        "InstanceIP": "172.31.129.75",
        "InstanceSubnet": "DB",
        "InstanceAMI": "ami-01b583fd0a5dbeb45",
        "InstanceSecGroup": "DB",
        "StartPreference": "last",
        "StopPreference": "first",
        "InstanceType": "t3.small"
      }
    ]
    "FirewallRules": [
      {
        "SecurityGroup": "DEFAULT",
        "RuleType": "outbound",
        "Protocol": "all",
        "Port": "all",
        "SourceGroup": "0.0.0.0/0"
      },
      {
        "SecurityGroup": "PUBLIC",
        "RuleType": "outbound",
        "Protocol": "all",
        "Port": "all",
        "SourceGroup": "0.0.0.0/0"
      },
      {
        "SecurityGroup": "WEB",
        "RuleType": "outbound",
        "Protocol": "all",
        "Port": "all",
        "SourceGroup": "0.0.0.0/0"
      },
      {
        "SecurityGroup": "DB",
        "RuleType": "outbound",
        "Protocol": "all",
        "Port": "all",
        "SourceGroup": "0.0.0.0/0"
      },
      {
        "SecurityGroup": "ELB",
        "RuleType": "outbound",
        "Protocol": "all",
        "Port": "all",
        "SourceGroup": "0.0.0.0/0"
      },
      {
        "SecurityGroup": "DEFAULT",
        "RuleType": "inbound",
        "Protocol": "all",
        "Port": "all",
        "SourceGroup": "172.31.0.0/16"
      },
      {
        "SecurityGroup": "PUBLIC",
        "RuleType": "inbound",
        "Protocol": "all",
        "Port": "all",
        "SourceGroup": "172.31.0.0/16"
      },
      {
        "SecurityGroup": "WEB",
        "RuleType": "inbound",
        "Protocol": "all",
        "Port": "all",
        "SourceGroup": "172.31.0.0/16"
      },
      {
        "SecurityGroup": "DB",
        "RuleType": "inbound",
        "Protocol": "all",
        "Port": "all",
        "SourceGroup": "172.31.132.20/32"
      },
      {
        "SecurityGroup": "DB",
        "RuleType": "inbound",
        "Protocol": "tcp",
        "Port": "1433",
        "SourceGroup": "172.31.16.0/24"
      },
      {
        "SecurityGroup": "DB",
        "RuleType": "inbound",
        "Protocol": "tcp",
        "Port": "1433",
        "SourceGroup": "172.31.128.0/24"
      },
      {
        "SecurityGroup": "DB",
        "RuleType": "inbound",
        "Protocol": "tcp",
        "Port": "1434",
        "SourceGroup": "172.31.16.0/24"
      },
      {
        "SecurityGroup": "DB",
        "RuleType": "inbound",
        "Protocol": "tcp",
        "Port": "3389",
        "SourceGroup": "172.31.0.0/16"
      },
      {
        "SecurityGroup": "ELB",
        "RuleType": "inbound",
        "Protocol": "all",
        "Port": "all",
        "SourceGroup": "172.31.0.0/16"
      }
    ]
    "HavocCircusUsed": "false"
    "DNSEntriesFile": "assignment6/awsvpcb.assignment6.DNS.json" 
    "ELBs": [
      {
      }
    ]
  }
}
