{
  "HavocMonkey": {
    "PrimateAssembly": {
      "PrimateTypeName": "Assignment3.HavocMonkey",
      "PrimateFileName": "Assignment3.HavocMonkey.dll",
      "PrimateDependencies": [
        {
          "DependencyFileName": "Primate.dll"
        }
      ]
    },
    "PrimatePackages": [
    ],
    "PrimateTasks": [
      {
        "PrimateTask": {
          "AlwaysExecuteOnStartup": true,
          "TaskLabel": "WindowsCookieCrumb",
          "TargetHostName": "iis1.awsvpcb.edu",
          "TargetUserName": "Administrator",
          "TargetUserPassword": "P@oDxV)4-nPUfp$Ar?V@N9Lpjbsnp@W!",
          "TargetPlatform": "Windows",
          "TaskInitializationCommands": [
            {
              "CommandExecutable": "C:\\Windows\\System32\\cmd.exe",
              "CommandArguments": "/C echo Assignment 2 initialization success on %DATE% %TIME%! > C:\\Assignment2.txt"
            }
          ]
        }
      },
      {
        "PrimateTask": {
          "AlwaysExecuteOnStartup": true,
          "TaskLabel": "WindowsCookieCrumb",
          "TargetHostName": "iis2.awsvpcb.edu",
          "TargetUserName": "Administrator",
          "TargetUserPassword": "P@oDxV)4-nPUfp$Ar?V@N9Lpjbsnp@W!",
          "TargetPlatform": "Windows",
          "TaskInitializationCommands": [
            {
              "CommandExecutable": "C:\\Windows\\System32\\cmd.exe",
              "CommandArguments": "/C echo Assignment 2 initialization success on %DATE% %TIME%! > C:\\Assignment2.txt"
            }
          ]
        }
      }
    ]
  }
}
