{
  "AWSVPCB": {
    "Instances": [
      {
        "InstanceName": "IIS1",
        "InstanceIP": "172.31.128.98",
        "InstanceSubnet": "WEB",
        "InstanceAMI": "ami-07d6daa2696453660",
        "InstanceType": "t2.micro"
      },
      {
        "InstanceName": "IIS2",
        "InstanceIP": "172.31.128.99",
        "InstanceSubnet": "WEB",
        "InstanceAMI": "ami-07d6daa2696453660",
        "InstanceType": "t2.micro"
      },
      {
        "InstanceName": "MSSQL",
        "InstanceIP": "172.31.129.75",
        "InstanceSubnet": "DB",
        "InstanceAMI": "ami-0fbd229f6988fa6e2",
        "StartPreference": "last",
        "StopPreference": "first",
        "InstanceType": "t2.micro"
      }
    ]
  },
  {
    "FirewallRules": [
      {
        "SecurityGroup": "DEFAULT",
        "RuleType": "outbound",
        "Protocol": "all",
        "Port": "all",
        "SourceGroup": "0.0.0.0/0"
      },
      {
        "SecurityGroup": "PUBLIC",
        "RuleType": "outbound",
        "Protocol": "all",
        "Port": "all",
        "SourceGroup": "0.0.0.0/0"
      },
      {
        "SecurityGroup": "WEB",
        "RuleType": "outbound",
        "Protocol": "all",
        "Port": "all",
        "SourceGroup": "0.0.0.0/0"
      },
      {
        "SecurityGroup": "DB",
        "RuleType": "outbound",
        "Protocol": "all",
        "Port": "all",
        "SourceGroup": "0.0.0.0/0"
      },
      {
        "SecurityGroup": "ELB",
        "RuleType": "outbound",
        "Protocol": "all",
        "Port": "all",
        "SourceGroup": "0.0.0.0/0"
      },
      {
        "SecurityGroup": "DEFAULT",
        "RuleType": "inbound",
        "Protocol": "all",
        "Port": "all",
        "SourceGroup": "172.31.0.0/16"
      },
      {
        "SecurityGroup": "PUBLIC",
        "RuleType": "inbound",
        "Protocol": "all",
        "Port": "all",
        "SourceGroup": "172.31.0.0/16"
      },
      {
        "SecurityGroup": "WEB",
        "RuleType": "inbound",
        "Protocol": "udp",
        "Port": "137-138",
        "SourceGroup": "172.31.0.0/16"
      },
      {
        "SecurityGroup": "WEB",
        "RuleType": "inbound",
        "Protocol": "tcp",
        "Port": "80",
        "SourceGroup": "172.31.16.0/24"
      },
      {
        "SecurityGroup": "WEB",
        "RuleType": "inbound",
        "Protocol": "tcp",
        "Port": "80",
        "SourceGroup": "172.31.130.0/24"
      },
      {
        "SecurityGroup": "WEB",
        "RuleType": "inbound",
        "Protocol": "tcp",
        "Port": "135-139",
        "SourceGroup": "172.31.0.0/16"
      },
      {
        "SecurityGroup": "WEB",
        "RuleType": "inbound",
        "Protocol": "tcp",
        "Port": "49152-65535",
        "SourceGroup": "172.31.0.0/16"
      },
      {
        "SecurityGroup": "WEB",
        "RuleType": "inbound",
        "Protocol": "tcp",
        "Port": "3389",
        "SourceGroup": "172.31.0.0/16"
      },
      {
        "SecurityGroup": "WEB",
        "RuleType": "inbound",
        "Protocol": "tcp",
        "Port": "445",
        "SourceGroup": "172.31.0.0/16"
      },
      {
        "SecurityGroup": "WEB",
        "RuleType": "inbound",
        "Protocol": "tcp",
        "Port": "22",
        "SourceGroup": "172.31.0.0/16"
      },
      {
        "SecurityGroup": "WEB",
        "RuleType": "inbound",
        "Protocol": "tcp",
        "Port": "5000",
        "SourceGroup": "172.31.16.0/24"
      },
      {
        "SecurityGroup": "DB",
        "RuleType": "inbound",
        "Protocol": "tcp",
        "Port": "1433",
        "SourceGroup": "172.31.16.0/24"
      },
      {
        "SecurityGroup": "DB",
        "RuleType": "inbound",
        "Protocol": "tcp",
        "Port": "1433",
        "SourceGroup": "172.31.128.0/24"
      },
      {
        "SecurityGroup": "DB",
        "RuleType": "inbound",
        "Protocol": "tcp",
        "Port": "1434",
        "SourceGroup": "172.31.16.0/24"
      },
      {
        "SecurityGroup": "DB",
        "RuleType": "inbound",
        "Protocol": "tcp",
        "Port": "3389",
        "SourceGroup": "172.31.0.0/16"
      },
      {
        "SecurityGroup": "ELB",
        "RuleType": "inbound",
        "Protocol": "all",
        "Port": "all",
        "SourceGroup": "172.31.0.0/16"
      }
    ]
  },
  {
    "DNSEntriesFile": "assignment8/awsvpcb.assignment8.DNS.json" 
  },
  {
    "ELBs": [
      {
        "ELBName": "myfiu",
        "ListenerProtocol": "HTTPS",
        "ListenerPort": "443",
        "InstanceProtocol": "HTTP",
        "InstancePort": "80",
        "ELBSubnet": "ELB",
        "HealthCheckTarget": "TCP:80",
        "HealthCheckInterval": "5",
        "HealthCheckTimeout": "3",
        "HealthCheckUnhealthyThreshold": "2",
        "HealthCheckHealthyThreshold": "2",
        "ELBInstances": [ 
          {
            "InstanceName": "IIS1"
          },
          {
            "InstanceName": "IIS2"
          }
        ]
      }
    ]
  }
}
