{
  "HavocMonkey": {
    "PrimateAssembly": {
      "PrimateTypeName": "Assignment3.HavocMonkey",
      "PrimateFileName": "Assignment3.HavocMonkey.dll",
      "PrimateDependencies": [
        {
          "DependencyFileName": "Primate.dll"
        }
      ]
    },
    "PrimatePackages": [
    ],
    "PrimateTasks": [
      {
        "PrimateTask": {
          "AlwaysExecuteOnStartup": true,
          "TaskLabel": "WindowsCookieCrumb",
          "TargetHostName": "iis1.awsvpcb.edu",
          "TargetUserName": "Administrator",
          "TargetUserPassword": "P@oDxV)4-nPUfp$Ar?V@N9Lpjbsnp@W!",
          "TargetPlatform": "Windows",
          "TaskInitializationCommands": [
            {
              "CommandExecutable": "C:\\Windows\\System32\\cmd.exe",
              "CommandArguments": "/C echo Assignment 3 initialization success on %DATE% %TIME%! > C:\\Assignment3.txt"
            }
          ]
        }
      },
      {
        "PrimateTask": {
          "AlwaysExecuteOnStartup": true,
          "TaskLabel": "LinuxCookieCrumb",
          "TargetHostName": "linux1.awsvpcb.edu",
          "TargetUserName": "ec2-user",
          "TargetUserPassword": "cts4743",
          "TargetPlatform": "Linux",
          "TaskInitializationCommands": [
            {
              "CommandExecutable": "echo Assignment 3 initialization success on `date`! > /usr/bin/cts4743/apps/assignment3.txt &",
              "CommandArguments": ""
            }
          ]
        }
      }
    ]
  }
}
