{
  "Changes": [
    {
      "Action": "CREATE",
      "ResourceRecordSet": {
        "Name": "nat.awsvpcb.edu",
        "Type": "A",
        "TTL": 300,
        "ResourceRecords": [
          {
            "Value": "172.31.132.151"
          }
        ]
      }
    },
    {
      "Action": "CREATE",
      "ResourceRecordSet": {
        "Name": "iis1.awsvpcb.edu",
        "Type": "A",
        "TTL": 300,
        "ResourceRecords": [
          {
            "Value": "172.31.128.98"
          }
        ]
      }
    },
    {
      "Action": "CREATE",
      "ResourceRecordSet": {
        "Name": "iis2.awsvpcb.edu",
        "Type": "A",
        "TTL": 300,
        "ResourceRecords": [
          {
            "Value": "172.31.128.99"
          }
        ]
      }
    },
    {
      "Action": "CREATE",
      "ResourceRecordSet": {
        "Name": "linux1.awsvpcb.edu",
        "Type": "A",
        "TTL": 300,
        "ResourceRecords": [
          {
            "Value": "172.31.128.43"
          }
        ]
      }
    },
    {
      "Action": "CREATE",
      "ResourceRecordSet": {
        "Name": "linux2.awsvpcb.edu",
        "Type": "A",
        "TTL": 300,
        "ResourceRecords": [
          {
            "Value": "172.31.128.44"
          }
        ]
      }
    },
    {
      "Action": "CREATE",
      "ResourceRecordSet": {
        "Name": "mssql.awsvpcb.edu",
        "Type": "A",
        "TTL": 300,
        "ResourceRecords": [
          {
            "Value": "172.31.129.75"
          }
        ]
      }
    },
    {
      "Action": "CREATE",
      "ResourceRecordSet": {
        "Name": "myfiu.awsvpcb.edu",
        "Type": "A",
        "TTL": 300,
        "ResourceRecords": [
          {
            "Value": "172.31.128.98"
          }
        ]
      }
    },
    {
      "Action": "CREATE",
      "ResourceRecordSet": {
        "Name": "rainforest.awsvpcb.edu",
        "Type": "A",
        "TTL": 300,
        "ResourceRecords": [
          {
            "Value": "172.31.128.43"
          }
        ]
      }
    }
  ]
}
