{
  "AWSVPCB": {
    "Instances": [
      {
        "InstanceName": "IIS1",
        "InstanceIP": "172.31.128.98",
        "InstanceSubnet": "WEB",
        "InstanceAMI": "ami-0a62ce7ba73cca97d",
        "InstanceType": "t2.micro"
      },
      {
        "InstanceName": "LINUX1",
        "InstanceIP": "172.31.128.43",
        "InstanceSubnet": "WEB",
        "InstanceAMI": "ami-02c92a0167b116215",
        "InstanceType": "t2.micro"
      },
      {
        "InstanceName": "MSSQL",
        "InstanceIP": "172.31.129.75",
        "InstanceSubnet": "DB",
        "InstanceAMI": "ami-0b2a68f399e983846",
        "StartPreference": "last",
        "StopPreference": "first",
        "InstanceType": "t3.small"
      }
    ]
  },
  {
    "FirewallRules": [
      {
        "SecurityGroup": "DEFAULT",
        "RuleType": "outbound",
        "Protocol": "all",
        "Port": "all",
        "SourceGroup": "0.0.0.0/0"
      },
      {
        "SecurityGroup": "PUBLIC",
        "RuleType": "outbound",
        "Protocol": "all",
        "Port": "all",
        "SourceGroup": "0.0.0.0/0"
      },
      {
        "SecurityGroup": "WEB",
        "RuleType": "outbound",
        "Protocol": "all",
        "Port": "all",
        "SourceGroup": "0.0.0.0/0"
      },
      {
        "SecurityGroup": "DB",
        "RuleType": "outbound",
        "Protocol": "all",
        "Port": "all",
        "SourceGroup": "0.0.0.0/0"
      },
      {
        "SecurityGroup": "ELB",
        "RuleType": "outbound",
        "Protocol": "all",
        "Port": "all",
        "SourceGroup": "0.0.0.0/0"
      },
      {
        "SecurityGroup": "DEFAULT",
        "RuleType": "inbound",
        "Protocol": "all",
        "Port": "all",
        "SourceGroup": "172.31.0.0/16"
      },
      {
        "SecurityGroup": "PUBLIC",
        "RuleType": "inbound",
        "Protocol": "all",
        "Port": "all",
        "SourceGroup": "172.31.0.0/16"
      },
      {
        "SecurityGroup": "WEB",
        "RuleType": "inbound",
        "Protocol": "all",
        "Port": "all",
        "SourceGroup": "172.31.0.0/16"
      },
      {
        "SecurityGroup": "DB",
        "RuleType": "inbound",
        "Protocol": "all",
        "Port": "all",
        "SourceGroup": "172.31.0.0/16"
      },
      {
        "SecurityGroup": "ELB",
        "RuleType": "inbound",
        "Protocol": "all",
        "Port": "all",
        "SourceGroup": "172.31.0.0/16"
      }
    ]
  },
  {
    "DNSEntriesFile": "assignment3/awsvpcb.assignment3.DNS.json" 
  },
  {
    "ELBs": [
      {
      }
    ]
  }
}
