{
  "AWSVPCB": {
    "Instances": [
      {
        "InstanceName": "IIS1",
        "InstanceIP": "172.31.128.98",
        "InstanceSubnet": "WEB",
        "InstanceAMI": "PARM-IISAMI",
        "InstanceSecGroup": "WEB",
        "InstanceType": "t3a.medium",
        "InstanceUserDataFile": "assignment10/awsvpcb.assignment10.userdata"
      },
      {
        "InstanceName": "IIS2",
        "InstanceIP": "172.31.138.99",
        "InstanceSubnet": "WEB2",
        "InstanceAMI": "PARM-IISAMI",
        "InstanceSecGroup": "WEB",
        "InstanceType": "t2.micro",
        "InstanceUserDataFile": "assignment10/awsvpcb.assignment10.userdata2"
      },
      {
        "InstanceName": "MSSQL",
        "InstanceIP": "172.31.129.75",
        "InstanceSubnet": "DB",
        "InstanceAMI": "PARM-MSSQLAMI",
        "InstanceSecGroup": "DB",
        "StartPreference": "last",
        "StopPreference": "first",
        "InstanceType": "t3a.medium",
        "InstanceUserDataFile": "assignment10/awsvpcb.assignment10.userdata3"
      }
    ]
    "FirewallRules": [
      {
        "SecurityGroup": "DEFAULT",
        "RuleType": "outbound",
        "Protocol": "all",
        "Port": "all",
        "SourceGroup": "0.0.0.0/0"
      },
      {
        "SecurityGroup": "PUBLIC",
        "RuleType": "outbound",
        "Protocol": "all",
        "Port": "all",
        "SourceGroup": "0.0.0.0/0"
      },
      {
        "SecurityGroup": "WEB",
        "RuleType": "outbound",
        "Protocol": "all",
        "Port": "all",
        "SourceGroup": "0.0.0.0/0"
      },
      {
        "SecurityGroup": "DB",
        "RuleType": "outbound",
        "Protocol": "all",
        "Port": "all",
        "SourceGroup": "0.0.0.0/0"
      },
      {
        "SecurityGroup": "ELB",
        "RuleType": "outbound",
        "Protocol": "all",
        "Port": "all",
        "SourceGroup": "0.0.0.0/0"
      },
      {
        "SecurityGroup": "DEFAULT",
        "RuleType": "inbound",
        "Protocol": "all",
        "Port": "all",
        "SourceGroup": "172.31.0.0/16"
      },
      {
        "SecurityGroup": "PUBLIC",
        "RuleType": "inbound",
        "Protocol": "all",
        "Port": "all",
        "SourceGroup": "172.31.0.0/16"
      },
      {
        "SecurityGroup": "WEB",
        "RuleType": "inbound",
        "Protocol": "all",
        "Port": "all",
        "SourceGroup": "172.31.132.20/32"
      },
      {
        "SecurityGroup": "WEB",
        "RuleType": "inbound",
        "Protocol": "icmp",
        "Port": "all",
        "SourceGroup": "172.31.0.0/16"
      },
      {
        "SecurityGroup": "DB",
        "RuleType": "inbound",
        "Protocol": "all",
        "Port": "all",
        "SourceGroup": "172.31.132.20/32"
      },
      {
        "SecurityGroup": "DB",
        "RuleType": "inbound",
        "Protocol": "icmp",
        "Port": "all",
        "SourceGroup": "172.31.0.0/16"
      },
      {
        "SecurityGroup": "WEB",
        "RuleType": "inbound",
        "Protocol": "udp",
        "Port": "137-138",
        "SourceGroup": "172.31.0.0/16"
      },
      {
        "SecurityGroup": "WEB",
        "RuleType": "inbound",
        "Protocol": "tcp",
        "Port": "80",
        "SourceGroup": "172.31.16.0/24"
      },
      {
        "SecurityGroup": "WEB",
        "RuleType": "inbound",
        "Protocol": "tcp",
        "Port": "80",
        "SourceGroup": "172.31.130.0/24"
      },
      {
        "SecurityGroup": "WEB",
        "RuleType": "inbound",
        "Protocol": "tcp",
        "Port": "80",
        "SourceGroup": "172.31.140.0/24"
      },
      {
        "SecurityGroup": "WEB",
        "RuleType": "inbound",
        "Protocol": "tcp",
        "Port": "135-139",
        "SourceGroup": "172.31.0.0/16"
      },
      {
        "SecurityGroup": "WEB",
        "RuleType": "inbound",
        "Protocol": "tcp",
        "Port": "49152-65535",
        "SourceGroup": "172.31.0.0/16"
      },
      {
        "SecurityGroup": "WEB",
        "RuleType": "inbound",
        "Protocol": "tcp",
        "Port": "3389",
        "SourceGroup": "172.31.0.0/16"
      },
      {
        "SecurityGroup": "WEB",
        "RuleType": "inbound",
        "Protocol": "tcp",
        "Port": "445",
        "SourceGroup": "172.31.0.0/16"
      },
      {
        "SecurityGroup": "WEB",
        "RuleType": "inbound",
        "Protocol": "tcp",
        "Port": "22",
        "SourceGroup": "172.31.0.0/16"
      },
      {
        "SecurityGroup": "WEB",
        "RuleType": "inbound",
        "Protocol": "tcp",
        "Port": "5000",
        "SourceGroup": "172.31.16.0/24"
      },
      {
        "SecurityGroup": "DB",
        "RuleType": "inbound",
        "Protocol": "tcp",
        "Port": "1433",
        "SourceGroup": "172.31.16.0/24"
      },
      {
        "SecurityGroup": "DB",
        "RuleType": "inbound",
        "Protocol": "tcp",
        "Port": "1433",
        "SourceGroup": "172.31.128.0/24"
      },
      {
        "SecurityGroup": "DB",
        "RuleType": "inbound",
        "Protocol": "tcp",
        "Port": "1433",
        "SourceGroup": "172.31.138.0/24"
      },
      {
        "SecurityGroup": "DB",
        "RuleType": "inbound",
        "Protocol": "tcp",
        "Port": "1434",
        "SourceGroup": "172.31.16.0/24"
      },
      {
        "SecurityGroup": "DB",
        "RuleType": "inbound",
        "Protocol": "tcp",
        "Port": "3389",
        "SourceGroup": "172.31.0.0/16"
      },
      {
        "SecurityGroup": "ELB",
        "RuleType": "inbound",
        "Protocol": "all",
        "Port": "all",
        "SourceGroup": "172.31.0.0/16"
      }
    ]
    "HavocCircusUsed": "false"
    "DNSEntriesFile": "assignment10/awsvpcb.assignment10.DNS.json" 
    "ELBs": [
      {
        "ELBName": "myfiu",
        "ListenerProtocol": "HTTPS",
        "ListenerPort": "443",
        "InstanceProtocol": "HTTP",
        "InstancePort": "80",
        "ELBSecGroupName": "ELB",
        "HealthCheckTargetProtocol": "HTTP",
        "HealthCheckTargetPort": "80",
        "HealthCheckTargetPath": "/",
        "HealthCheckInterval": "5",
        "HealthCheckTimeout": "3",
        "HealthCheckUnhealthyThreshold": "2",
        "HealthCheckHealthyThreshold": "2",
        "ELBSubnets": [
          {
            "SubnetName": "ELB"
          },
          {
            "SubnetName": "ELB2"
          }
        ],
        "ELBInstances": [ 
          {
            "InstanceName": "IIS1"
          },
          {
            "InstanceName": "IIS2"
          }
        ]
      }
    ]
  }
}
