{
  "AWSVPCB": {
    "Instances": [
      {
        "InstanceName": "IIS1",
        "InstanceIP": "172.31.128.98",
        "InstanceSubnet": "WEB",
        "InstanceAMI": "ami-07d6daa2696453660",
        "InstanceType": "t2.micro"
      },
      {
        "InstanceName": "LINUX1",
        "InstanceIP": "172.31.128.43",
        "InstanceSubnet": "WEB",
        "InstanceAMI": "ami-0fb4c2197eba775de",
        "InstanceType": "t2.micro"
      },
      {
        "InstanceName": "MSSQL",
        "InstanceIP": "172.31.129.75",
        "InstanceSubnet": "DB",
        "InstanceAMI": "ami-0fbd229f6988fa6e2",
        "StartPreference": "last",
        "StopPreference": "first",
        "InstanceType": "t2.micro"
      }
    ]
  },
  {
    "FirewallRules": [
      {
        "SecurityGroup": "DEFAULT",
        "RuleType": "outbound",
        "Protocol": "all",
        "Port": "all",
        "SourceGroup": "0.0.0.0/0"
      },
      {
        "SecurityGroup": "PUBLIC",
        "RuleType": "outbound",
        "Protocol": "all",
        "Port": "all",
        "SourceGroup": "0.0.0.0/0"
      },
      {
        "SecurityGroup": "WEB",
        "RuleType": "outbound",
        "Protocol": "all",
        "Port": "all",
        "SourceGroup": "0.0.0.0/0"
      },
      {
        "SecurityGroup": "DB",
        "RuleType": "outbound",
        "Protocol": "all",
        "Port": "all",
        "SourceGroup": "0.0.0.0/0"
      },
      {
        "SecurityGroup": "ELB",
        "RuleType": "outbound",
        "Protocol": "all",
        "Port": "all",
        "SourceGroup": "0.0.0.0/0"
      },
      {
        "SecurityGroup": "DEFAULT",
        "RuleType": "inbound",
        "Protocol": "all",
        "Port": "all",
        "SourceGroup": "172.31.0.0/16"
      },
      {
        "SecurityGroup": "PUBLIC",
        "RuleType": "inbound",
        "Protocol": "all",
        "Port": "all",
        "SourceGroup": "172.31.0.0/16"
      },
      {
        "SecurityGroup": "WEB",
        "RuleType": "inbound",
        "Protocol": "all",
        "Port": "all",
        "SourceGroup": "172.31.0.0/16"
      },
      {
        "SecurityGroup": "DB",
        "RuleType": "inbound",
        "Protocol": "tcp",
        "Port": "1433",
        "SourceGroup": "172.31.16.0/24"
      },
      {
        "SecurityGroup": "DB",
        "RuleType": "inbound",
        "Protocol": "tcp",
        "Port": "1433",
        "SourceGroup": "172.31.128.0/24"
      },
      {
        "SecurityGroup": "DB",
        "RuleType": "inbound",
        "Protocol": "tcp",
        "Port": "1434",
        "SourceGroup": "172.31.16.0/24"
      },
      {
        "SecurityGroup": "DB",
        "RuleType": "inbound",
        "Protocol": "tcp",
        "Port": "3389",
        "SourceGroup": "172.31.0.0/16"
      },
      {
        "SecurityGroup": "ELB",
        "RuleType": "inbound",
        "Protocol": "all",
        "Port": "all",
        "SourceGroup": "172.31.0.0/16"
      }
    ]
  },
  {
    "DNSEntriesFile": "assignment7/awsvpcb.assignment7.DNS.json" 
  },
  {
    "ELBs": [
      {
      }
    ]
  }
}
