{
  "HavocMonkey": {
    "PrimateAssembly": {
      "PrimateTypeName": "Assignment3.HavocMonkey",
      "PrimateFileName": "Assignment3.HavocMonkey.dll",
      "PrimateDependencies": [
        {
          "DependencyFileName": "Primate.dll"
        }
      ]
    },
    "PrimatePackages": [
    ],
    "PrimateTasks": [
      {
        "PrimateTask": {
          "AlwaysExecuteOnStartup": true,
          "TaskLabel": "LinuxCookieCrumb",
          "TargetHostName": "linux1.awsvpcb.edu",
          "TargetUserName": "ec2-user",
          "TargetUserPassword": "cts4743",
          "TargetPlatform": "Linux",
          "TaskInitializationCommands": [
            {
              "CommandExecutable": "echo Assignment 1 initialization success on `date`! > /usr/bin/cts4743/apps/assignment1.txt &",
              "CommandArguments": ""
            }
          ]
        }
       },
       {
        "PrimateTask": {
          "AlwaysExecuteOnStartup": true,
          "TaskLabel": "LinuxCookieCrumb",
          "TargetHostName": "linux2.awsvpcb.edu",
          "TargetUserName": "ec2-user",
          "TargetUserPassword": "cts4743",
          "TargetPlatform": "Linux",
          "TaskInitializationCommands": [
            {
              "CommandExecutable": "echo Assignment 1 initialization success on `date`! > /usr/bin/cts4743/apps/assignment1.txt &",
              "CommandArguments": ""
            }
          ]
        }
      }
    ]
  }
}
