{
  "AWSVPCB": {
    "Instances": [
      {
        "InstanceName": "LINUX1",
        "InstanceIP": "172.31.128.43",
        "InstanceSubnet": "WEB",
        "InstanceAMI": "ami-02c92a0167b116215",
        "InstanceType": "t2.micro"
      },
      {
        "InstanceName": "LINUX2",
        "InstanceIP": "172.31.128.44",
        "InstanceSubnet": "WEB",
        "InstanceAMI": "ami-02c92a0167b116215",
        "InstanceType": "t2.micro"
      },
      {
        "InstanceName": "MSSQL",
        "InstanceIP": "172.31.129.75",
        "InstanceSubnet": "DB",
        "InstanceAMI": "ami-0b2a68f399e983846",
        "StartPreference": "last",
        "StopPreference": "first",
        "InstanceType": "t3.small"
      }
    ]
  },
  {
    "FirewallRules": [
      {
        "SecurityGroup": "DEFAULT",
        "RuleType": "outbound",
        "Protocol": "all",
        "Port": "all",
        "SourceGroup": "0.0.0.0/0"
      },
      {
        "SecurityGroup": "PUBLIC",
        "RuleType": "outbound",
        "Protocol": "all",
        "Port": "all",
        "SourceGroup": "0.0.0.0/0"
      },
      {
        "SecurityGroup": "WEB",
        "RuleType": "outbound",
        "Protocol": "all",
        "Port": "all",
        "SourceGroup": "0.0.0.0/0"
      },
      {
        "SecurityGroup": "DB",
        "RuleType": "outbound",
        "Protocol": "all",
        "Port": "all",
        "SourceGroup": "0.0.0.0/0"
      },
      {
        "SecurityGroup": "ELB",
        "RuleType": "outbound",
        "Protocol": "all",
        "Port": "all",
        "SourceGroup": "0.0.0.0/0"
      },
      {
        "SecurityGroup": "DEFAULT",
        "RuleType": "inbound",
        "Protocol": "all",
        "Port": "all",
        "SourceGroup": "172.31.0.0/16"
      },
      {
        "SecurityGroup": "PUBLIC",
        "RuleType": "inbound",
        "Protocol": "all",
        "Port": "all",
        "SourceGroup": "172.31.0.0/16"
      },
      {
        "SecurityGroup": "WEB",
        "RuleType": "inbound",
        "Protocol": "udp",
        "Port": "137-138",
        "SourceGroup": "172.31.0.0/16"
      },
      {
        "SecurityGroup": "WEB",
        "RuleType": "inbound",
        "Protocol": "tcp",
        "Port": "80",
        "SourceGroup": "172.31.16.0/24"
      },
      {
        "SecurityGroup": "WEB",
        "RuleType": "inbound",
        "Protocol": "tcp",
        "Port": "80",
        "SourceGroup": "172.31.130.0/24"
      },
      {
        "SecurityGroup": "WEB",
        "RuleType": "inbound",
        "Protocol": "tcp",
        "Port": "135-139",
        "SourceGroup": "172.31.0.0/16"
      },
      {
        "SecurityGroup": "WEB",
        "RuleType": "inbound",
        "Protocol": "tcp",
        "Port": "49152-65535",
        "SourceGroup": "172.31.0.0/16"
      },
      {
        "SecurityGroup": "WEB",
        "RuleType": "inbound",
        "Protocol": "tcp",
        "Port": "3389",
        "SourceGroup": "172.31.0.0/16"
      },
      {
        "SecurityGroup": "WEB",
        "RuleType": "inbound",
        "Protocol": "tcp",
        "Port": "445",
        "SourceGroup": "172.31.0.0/16"
      },
      {
        "SecurityGroup": "WEB",
        "RuleType": "inbound",
        "Protocol": "tcp",
        "Port": "22",
        "SourceGroup": "172.31.0.0/16"
      },
      {
        "SecurityGroup": "WEB",
        "RuleType": "inbound",
        "Protocol": "tcp",
        "Port": "5000",
        "SourceGroup": "172.31.16.0/24"
      },
      {
        "SecurityGroup": "DB",
        "RuleType": "inbound",
        "Protocol": "tcp",
        "Port": "1433",
        "SourceGroup": "172.31.16.0/24"
      },
      {
        "SecurityGroup": "DB",
        "RuleType": "inbound",
        "Protocol": "tcp",
        "Port": "1433",
        "SourceGroup": "172.31.128.0/24"
      },
      {
        "SecurityGroup": "DB",
        "RuleType": "inbound",
        "Protocol": "tcp",
        "Port": "1434",
        "SourceGroup": "172.31.16.0/24"
      },
      {
        "SecurityGroup": "DB",
        "RuleType": "inbound",
        "Protocol": "tcp",
        "Port": "3389",
        "SourceGroup": "172.31.0.0/16"
      },
      {
        "SecurityGroup": "ELB",
        "RuleType": "inbound",
        "Protocol": "all",
        "Port": "all",
        "SourceGroup": "172.31.0.0/16"
      }
    ]
  },
  {
    "DNSEntriesFile": "assignment1/awsvpcb.assignment1.DNS.json" 
  },
  {
    "ELBs": [
      {
        "ELBName": "rainforest",
        "ListenerProtocol": "HTTPS",
        "ListenerPort": "443",
        "InstanceProtocol": "HTTP",
        "InstancePort": "80",
        "ELBSubnet": "ELB",
        "HealthCheckTarget": "TCP:80",
        "HealthCheckInterval": "5",
        "HealthCheckTimeout": "3",
        "HealthCheckUnhealthyThreshold": "2",
        "HealthCheckHealthyThreshold": "2",
        "EnableSessionStickiness": "Y",
        "ELBInstances": [ 
          {
            "InstanceName": "LINUX1"
          },
          {
            "InstanceName": "LINUX2"
          }
        ]
      }
    ]
  }
}
