{
  "AWSVPCB": {
    "VPC": 
      {
        "VPCCIDR": "172.31.0.0/16"
      }
   },
   {
    "Subnets": [
      {
        "SubnetName": "DEFAULT",
        "SubnetCIDR": "172.31.131.0/24",
        "SecurityGroup": "yes",
        "RoutingTable": "DEFAULT"
      },
      {
        "SubnetName": "WEB",
        "SubnetCIDR": "172.31.128.0/24",
        "SecurityGroup": "yes",
        "RoutingTable": "DEFAULT"
      },
      {
        "SubnetName": "WEB2",
        "SubnetCIDR": "172.31.138.0/24",
        "SecurityGroup": "no",
        "AvailabilityZone": "us-east-2b",
        "RoutingTable": "DEFAULT"
      },
      {
        "SubnetName": "DB",
        "SubnetCIDR": "172.31.129.0/24",
        "SecurityGroup": "yes",
        "RoutingTable": "DEFAULT"
      },
      {
        "SubnetName": "ELB",
        "SubnetCIDR": "172.31.130.0/24",
        "SecurityGroup": "yes",
        "RoutingTable": "DEFAULT"
      },
      {
        "SubnetName": "ELB2",
        "SubnetCIDR": "172.31.140.0/24",
        "AvailabilityZone": "us-east-2b",
        "SecurityGroup": "no",
        "RoutingTable": "DEFAULT"
      },
      {
        "SubnetName": "CLIENTVPN",
        "SubnetCIDR": "172.31.16.0/24",
        "SecurityGroup": "no",
        "RoutingTable": "DEFAULT"
      },
      {
        "SubnetName": "PUBLIC",
        "SubnetCIDR": "172.31.132.0/24",
        "SecurityGroup": "yes",
        "RoutingTable": "PUBLIC"
      }
    ]
  },
  {
    "Parameters": [
      {
        "ParameterName": "IISAMI",
        "ParameterValue": "ami-00a3513b62014d3ca"
      },
      {
        "ParameterName": "LINUXAMI",
        "ParameterValue": "ami-0913ca88f3aa81d62"
      },
      {
        "ParameterName": "MSSQLAMI",
        "ParameterValue": "ami-08f69935ab49d017a"
      }
    ]
  },
  {
    "PossibleInstanceNames": [
      {
        "InstanceName": "IIS1"
      },
      {
        "InstanceName": "IIS2"
      },
      {
        "InstanceName": "LINUX1"
      },
      {
        "InstanceName": "LINUX2"
      },
      {
        "InstanceName": "BASTION"
      },
      {
        "InstanceName": "MSSQL"
      }
    ]
   },
   {
    "PossibleELBs": [
      {
        "ELBName": "client"
      },
      {
        "ELBName": "myfiu"
      },
      {
        "ELBName": "rainforest"
      }
    ]
   },
   {
    "DNSIPAddresses": [
      {
        "IPAddress": "172.31.131.10"
      },
      {
        "IPAddress": "172.31.131.11"
      }
    ]
   },
   {
    "NATDefinition": 
      {
        "IPAddress": "172.31.132.151",
        "Subnet": "PUBLIC",
        "AMI": "ami-0f91f7897b0fc6bad"
      }
   },
   {
    "BASTIONDefinition":
      {
        "IPAddress": "172.31.132.20",
        "Subnet": "PUBLIC",
        "AMI": "ami-041bd92954e73c009"
      }
   },
   {
    "RemoteConnFlag": "vpn"
   },
   {
    "VPNDefinition":
      {
        "CACert": "ca.crt",
        "ConfigFile": "AWSVPCB-client-config.ovpn",
        "ClientCIDR": "172.31.8.0/22"
      }
   },
   {
    "ServerPrivateKey": "privkey" 
   }
}
