{
  "AWSVPCB": {
    "VPC": 
      {
        "VPCCIDR": "172.31.0.0/16"
      }
    "Subnets": [
      {
        "SubnetName": "DEFAULT",
        "SubnetCIDR": "172.31.131.0/24",
        "SecurityGroup": "yes",
        "RoutingTable": "DEFAULT"
      },
      {
        "SubnetName": "WEB",
        "SubnetCIDR": "172.31.128.0/24",
        "SecurityGroup": "yes",
        "RoutingTable": "DEFAULT"
      },
      {
        "SubnetName": "WEB2",
        "SubnetCIDR": "172.31.138.0/24",
        "SecurityGroup": "no",
        "AvailabilityZone": "us-east-2b",
        "RoutingTable": "DEFAULT"
      },
      {
        "SubnetName": "DB",
        "SubnetCIDR": "172.31.129.0/24",
        "SecurityGroup": "yes",
        "RoutingTable": "DEFAULT"
      },
      {
        "SubnetName": "ELB",
        "SubnetCIDR": "172.31.130.0/24",
        "SecurityGroup": "yes",
        "RoutingTable": "DEFAULT"
      },
      {
        "SubnetName": "ELB2",
        "SubnetCIDR": "172.31.140.0/24",
        "AvailabilityZone": "us-east-2b",
        "SecurityGroup": "no",
        "RoutingTable": "DEFAULT"
      },
      {
        "SubnetName": "CLIENTVPN",
        "SubnetCIDR": "172.31.16.0/24",
        "SecurityGroup": "no",
        "RoutingTable": "DEFAULT"
      },
      {
        "SubnetName": "PUBLIC",
        "SubnetCIDR": "172.31.132.0/24",
        "SecurityGroup": "yes",
        "RoutingTable": "PUBLIC"
      }
    ]
    "PossibleInstanceNames": [
      {
        "InstanceName": "IIS1"
      },
      {
        "InstanceName": "IIS2"
      },
      {
        "InstanceName": "LINUX1"
      },
      {
        "InstanceName": "LINUX2"
      },
      {
        "InstanceName": "BASTION"
      },
      {
        "InstanceName": "MSSQL"
      }
    ]
    "PossibleELBs": [
      {
        "ELBName": "myfiu"
      },
      {
        "ELBName": "rainforest"
      }
    ]
    "DNSIPAddresses": [
      {
        "IPAddress": "172.31.131.10"
      },
      {
        "IPAddress": "172.31.131.11"
      }
    ]
    "NATDefinition": 
      {
        "IPAddress": "172.31.132.151",
        "Subnet": "PUBLIC",
        "AMI": "ami-00d1f8201864cc10c"
      }
    "BASTIONDefinition":
      {
        "IPAddress": "172.31.132.20",
        "Subnet": "PUBLIC",
        "AMI": "ami-0d237898aa956d75c"
      }
    "RemoteConnFlag": "vpn"
    "VPNDefinition":
      {
        "CACert": "ca.crt",
        "ConfigFile": "AWSVPCB-client-config.ovpn",
        "ClientCIDR": "172.31.8.0/22"
      }
    "ServerPrivateKey": "privkey" 
  }
}
