{
  "Changes": [
    {
  "Action": "DELETE",
  "ResourceRecordSet": 
        {
            "TTL": 300,
            "Type": "A",
            "Name": "iis1.awsvpcb.edu.",
            "ResourceRecords": [
                {
                    "Value": "172.31.128.98"
                }
            ]
    }
    },
    {
  "Action": "DELETE",
  "ResourceRecordSet": 
        {
            "TTL": 300,
            "Type": "A",
            "Name": "iis2.awsvpcb.edu.",
            "ResourceRecords": [
                {
                    "Value": "172.31.128.99"
                }
            ]
    }
    },
    {
  "Action": "DELETE",
  "ResourceRecordSet": 
        {
            "TTL": 300,
            "Type": "A",
            "Name": "linux1.awsvpcb.edu.",
            "ResourceRecords": [
                {
                    "Value": "172.31.128.43"
                }
            ]
    }
    },
    {
  "Action": "DELETE",
  "ResourceRecordSet": 
        {
            "TTL": 300,
            "Type": "A",
            "Name": "linux2.awsvpcb.edu.",
            "ResourceRecords": [
                {
                    "Value": "172.31.128.44"
                }
            ]
    }
    },
    {
  "Action": "DELETE",
  "ResourceRecordSet": 
        {
            "TTL": 300,
            "Type": "A",
            "Name": "mssql.awsvpcb.edu.",
            "ResourceRecords": [
                {
                    "Value": "172.31.129.75"
                }
            ]
    }
    },
    {
  "Action": "DELETE",
  "ResourceRecordSet": 
        {
            "TTL": 300,
            "Type": "CNAME",
            "Name": "myfiu.awsvpcb.edu.",
            "ResourceRecords": [
                {
                    "Value": "internal-AWS-VPCB-myfiu-163106722.us-east-2.elb.amazonaws.com"
                }
            ]
    }
    },
    {
  "Action": "DELETE",
  "ResourceRecordSet": 
        {
            "TTL": 300,
            "Type": "A",
            "Name": "nat.awsvpcb.edu.",
            "ResourceRecords": [
                {
                    "Value": "172.31.132.151"
                }
            ]
    }
    },
    {
  "Action": "DELETE",
  "ResourceRecordSet": 
        {
            "TTL": 300,
            "Type": "TXT",
            "Name": "trigger.awsvpcb.edu.",
            "ResourceRecords": [
                {
                    "Value": "\"assignment8\""
                }
            ]
        }
}]}
