{
  "Changes": [
    {
      "Action": "CREATE",
      "ResourceRecordSet": {
        "Name": "myfiu.awsvpcb.edu",
        "Type": "A",
        "TTL": 30,
        "ResourceRecords": [
          {
            "Value": "172.31.128.98"
          }
        ]
      }
    },
    {
      "Action": "CREATE",
      "ResourceRecordSet": {
        "Name": "rainforest.awsvpcb.edu",
        "Type": "A",
        "TTL": 30,
        "ResourceRecords": [
          {
            "Value": "172.31.128.43"
          }
        ]
      }
    }
  ]
}
