{
  "Changes": [
    {
  "Action": "DELETE",
  "ResourceRecordSet": 
        {
            "Name": "bastion.awsvpcb.edu.",
            "Type": "A",
            "TTL": 30,
            "ResourceRecords": [
                {
                    "Value": "172.31.132.20"
                }
            ]
    }
    },
    {
  "Action": "DELETE",
  "ResourceRecordSet": 
        {
            "Name": "iis1.awsvpcb.edu.",
            "Type": "A",
            "TTL": 30,
            "ResourceRecords": [
                {
                    "Value": "172.31.128.98"
                }
            ]
    }
    },
    {
  "Action": "DELETE",
  "ResourceRecordSet": 
        {
            "Name": "iis2.awsvpcb.edu.",
            "Type": "A",
            "TTL": 30,
            "ResourceRecords": [
                {
                    "Value": "172.31.138.99"
                }
            ]
    }
    },
    {
  "Action": "DELETE",
  "ResourceRecordSet": 
        {
            "Name": "linux1.awsvpcb.edu.",
            "Type": "A",
            "TTL": 30,
            "ResourceRecords": [
                {
                    "Value": "172.31.128.43"
                }
            ]
    }
    },
    {
  "Action": "DELETE",
  "ResourceRecordSet": 
        {
            "Name": "linux2.awsvpcb.edu.",
            "Type": "A",
            "TTL": 30,
            "ResourceRecords": [
                {
                    "Value": "172.31.138.44"
                }
            ]
    }
    },
    {
  "Action": "DELETE",
  "ResourceRecordSet": 
        {
            "Name": "mssql.awsvpcb.edu.",
            "Type": "A",
            "TTL": 30,
            "ResourceRecords": [
                {
                    "Value": "172.31.129.75"
                }
            ]
    }
    },
    {
  "Action": "DELETE",
  "ResourceRecordSet": 
        {
            "Name": "myfiu.awsvpcb.edu.",
            "Type": "CNAME",
            "TTL": 30,
            "ResourceRecords": [
                {
                    "Value": "internal-AWSVPCBmyfiu-370175132.us-east-1.elb.amazonaws.com"
                }
            ]
    }
    },
    {
  "Action": "DELETE",
  "ResourceRecordSet": 
        {
            "Name": "nat.awsvpcb.edu.",
            "Type": "A",
            "TTL": 30,
            "ResourceRecords": [
                {
                    "Value": "172.31.132.151"
                }
            ]
        }
}]}
